SampleName,Run,ReleaseDate,LoadDate,spots,bases,spots_with_mates,avgLength,size_MB,AssemblyName,download_path,Experiment,LibraryName,LibraryStrategy,LibrarySelection,LibrarySource,LibraryLayout,InsertSize,InsertDev,Platform,Model,SRAStudy,BioProject,Study_Pubmed_id,ProjectID,Sample,BioSample,SampleType,TaxID,ScientificName,g1k_pop_code,source,g1k_analysis_group,Subject_ID,Sex,Disease,Tumor,Affection_Status,Analyte_Type,Histological_Type,Body_Site,CenterName,Submission,dbgap_study_accession,Consent,RunHash,ReadHash,url,sample_spm_name
GSM3081115,SRR6940418,2018-04-23 13:58:12,2018-04-04 17:08:08,18855554,3808821908,18855554,202,1558,,https://sra-downloadb.be-md.ncbi.nlm.nih.gov/sos5/sra-pub-zq-14/SRR006/940/SRR6940418.sralite.1,SRX3884754,,RNA-Seq,cDNA,TRANSCRIPTOMIC,PAIRED,0,0,ILLUMINA,Illumina HiSeq 2500,SRP107337,PRJNA387182,2,387182,SRS3123961,SAMN08864875,simple,9606,Homo sapiens,,,,,,,no,,,,,GEO,SRA562558,,public,C5D80E9AE79A1C28011F7F32EC90BAAC,AED5D7FB85C46927D222C3CF6B20B77C,https://sra-pub-run-odp.s3.amazonaws.com/sra/SRR6940418/SRR6940418,spm28
GSM3081115,SRR6940419,2018-04-23 13:58:12,2018-04-04 15:08:04,14921057,3014053514,14921057,202,1170,,https://sra-downloadb.be-md.ncbi.nlm.nih.gov/sos5/sra-pub-zq-14/SRR006/940/SRR6940419.sralite.1,SRX3884754,,RNA-Seq,cDNA,TRANSCRIPTOMIC,PAIRED,0,0,ILLUMINA,Illumina HiSeq 2500,SRP107337,PRJNA387182,2,387182,SRS3123961,SAMN08864875,simple,9606,Homo sapiens,,,,,,,no,,,,,GEO,SRA562558,,public,15008A4A53D71769C5D863FAFB9F9EBE,C280DE046A2881C41ECF3436BA77AFBB,https://sra-pub-run-odp.s3.amazonaws.com/sra/SRR6940419/SRR6940419,spm28
GSM3081116,SRR6940420,2018-04-23 13:58:12,2018-04-04 17:10:39,19739116,3987301432,19739116,202,1639,,https://sra-downloadb.be-md.ncbi.nlm.nih.gov/sos5/sra-pub-zq-14/SRR006/940/SRR6940420.sralite.1,SRX3884755,,RNA-Seq,cDNA,TRANSCRIPTOMIC,PAIRED,0,0,ILLUMINA,Illumina HiSeq 2500,SRP107337,PRJNA387182,2,387182,SRS3123962,SAMN08864874,simple,9606,Homo sapiens,,,,,,,no,,,,,GEO,SRA562558,,public,469B2C059891101EACB9272EBC1B32BC,F7369C80B53453D6A12F8C6F1C470E60,https://sra-pub-run-odp.s3.amazonaws.com/sra/SRR6940420/SRR6940420,spm26
GSM3081116,SRR6940421,2018-04-23 13:58:12,2018-04-04 15:08:29,15321569,3094956938,15321569,202,1207,,https://sra-downloadb.be-md.ncbi.nlm.nih.gov/sos5/sra-pub-zq-14/SRR006/940/SRR6940421.sralite.1,SRX3884755,,RNA-Seq,cDNA,TRANSCRIPTOMIC,PAIRED,0,0,ILLUMINA,Illumina HiSeq 2500,SRP107337,PRJNA387182,2,387182,SRS3123962,SAMN08864874,simple,9606,Homo sapiens,,,,,,,no,,,,,GEO,SRA562558,,public,969A928B9E423A5F502045504DD8B0A2,7F55A54127D73577877F478A18C97DBB,https://sra-pub-run-odp.s3.amazonaws.com/sra/SRR6940421/SRR6940421,spm26
GSM3081117,SRR6940422,2018-04-23 13:58:12,2018-04-04 17:09:20,16313703,3295368006,16313703,202,1342,,https://sra-downloadb.be-md.ncbi.nlm.nih.gov/sos5/sra-pub-zq-14/SRR006/940/SRR6940422.sralite.1,SRX3884756,,RNA-Seq,cDNA,TRANSCRIPTOMIC,PAIRED,0,0,ILLUMINA,Illumina HiSeq 2500,SRP107337,PRJNA387182,2,387182,SRS3123963,SAMN08864873,simple,9606,Homo sapiens,,,,,,,no,,,,,GEO,SRA562558,,public,F9BDFF2F1587A3CAB2277307DB7506CC,9A7DC58CAB6DEBD5B52DC86415E126CA,https://sra-pub-run-odp.s3.amazonaws.com/sra/SRR6940422/SRR6940422,spm25
GSM3081117,SRR6940423,2018-04-23 13:58:12,2018-04-04 15:07:53,12974029,2620753858,12974029,202,1019,,https://sra-downloadb.be-md.ncbi.nlm.nih.gov/sos5/sra-pub-zq-14/SRR006/940/SRR6940423.sralite.1,SRX3884756,,RNA-Seq,cDNA,TRANSCRIPTOMIC,PAIRED,0,0,ILLUMINA,Illumina HiSeq 2500,SRP107337,PRJNA387182,2,387182,SRS3123963,SAMN08864873,simple,9606,Homo sapiens,,,,,,,no,,,,,GEO,SRA562558,,public,7B750B299BE1A893652782E81880B5B6,554B36EEBD38230DD39AC4BC95843467,https://sra-pub-run-odp.s3.amazonaws.com/sra/SRR6940423/SRR6940423,spm25
GSM3081118,SRR6940424,2018-04-23 13:58:12,2018-04-04 17:05:51,19804125,4000433250,19804125,202,1630,,https://sra-downloadb.be-md.ncbi.nlm.nih.gov/sos5/sra-pub-zq-14/SRR006/940/SRR6940424.sralite.1,SRX3884757,,RNA-Seq,cDNA,TRANSCRIPTOMIC,PAIRED,0,0,ILLUMINA,Illumina HiSeq 2500,SRP107337,PRJNA387182,2,387182,SRS3123964,SAMN08864872,simple,9606,Homo sapiens,,,,,,,no,,,,,GEO,SRA562558,,public,76045B3E755CF64DED64817CF3C2101C,5BA38715A01B855F0B25B89EEAE263BE,https://sra-pub-run-odp.s3.amazonaws.com/sra/SRR6940424/SRR6940424,spm15
GSM3081118,SRR6940425,2018-04-23 13:58:12,2018-04-04 15:10:27,15430902,3117042204,15430902,202,1216,,https://sra-downloadb.be-md.ncbi.nlm.nih.gov/sos5/sra-pub-zq-14/SRR006/940/SRR6940425.sralite.1,SRX3884757,,RNA-Seq,cDNA,TRANSCRIPTOMIC,PAIRED,0,0,ILLUMINA,Illumina HiSeq 2500,SRP107337,PRJNA387182,2,387182,SRS3123964,SAMN08864872,simple,9606,Homo sapiens,,,,,,,no,,,,,GEO,SRA562558,,public,824FAD590A9FDCEE5965BB79E62555A4,EDFABDE5669784EFE0E49FB515A44CE3,https://sra-pub-run-odp.s3.amazonaws.com/sra/SRR6940425/SRR6940425,spm15
GSM3081119,SRR6940426,2018-04-23 13:58:12,2018-04-04 17:06:45,20077810,4055717620,20077810,202,1640,,https://sra-downloadb.be-md.ncbi.nlm.nih.gov/sos5/sra-pub-zq-14/SRR006/940/SRR6940426.sralite.1,SRX3884758,,RNA-Seq,cDNA,TRANSCRIPTOMIC,PAIRED,0,0,ILLUMINA,Illumina HiSeq 2500,SRP107337,PRJNA387182,2,387182,SRS3123965,SAMN08864870,simple,9606,Homo sapiens,,,,,,,no,,,,,GEO,SRA562558,,public,481F7C07172A21974C8F76647DB06BB0,FAF633BBC776B05D6617A0211FB67AF4,https://sra-pub-run-odp.s3.amazonaws.com/sra/SRR6940426/SRR6940426,spm14
GSM3081119,SRR6940427,2018-04-23 13:58:12,2018-04-04 15:08:53,15729045,3177267090,15729045,202,1224,,https://sra-downloadb.be-md.ncbi.nlm.nih.gov/sos5/sra-pub-zq-14/SRR006/940/SRR6940427.sralite.1,SRX3884758,,RNA-Seq,cDNA,TRANSCRIPTOMIC,PAIRED,0,0,ILLUMINA,Illumina HiSeq 2500,SRP107337,PRJNA387182,2,387182,SRS3123965,SAMN08864870,simple,9606,Homo sapiens,,,,,,,no,,,,,GEO,SRA562558,,public,1E471A50CBD31255D51BE6BAECF39E19,72576413EC757E62A8921AA86152F7FB,https://sra-pub-run-odp.s3.amazonaws.com/sra/SRR6940427/SRR6940427,spm14
GSM3081120,SRR6940428,2018-04-23 13:58:12,2018-04-04 17:09:16,16861282,3405978964,16861282,202,1378,,https://sra-downloadb.be-md.ncbi.nlm.nih.gov/sos5/sra-pub-zq-14/SRR006/940/SRR6940428.sralite.1,SRX3884759,,RNA-Seq,cDNA,TRANSCRIPTOMIC,PAIRED,0,0,ILLUMINA,Illumina HiSeq 2500,SRP107337,PRJNA387182,2,387182,SRS3123966,SAMN08864869,simple,9606,Homo sapiens,,,,,,,no,,,,,GEO,SRA562558,,public,4C4A655588096F48D8AB4B108C4497A0,233BD633E9F986B8BEF00A64203CE922,https://sra-pub-run-odp.s3.amazonaws.com/sra/SRR6940428/SRR6940428,spm13
GSM3081120,SRR6940429,2018-04-23 13:58:12,2018-04-04 15:07:40,13277100,2681974200,13277100,202,1036,,https://sra-downloadb.be-md.ncbi.nlm.nih.gov/sos5/sra-pub-zq-14/SRR006/940/SRR6940429.sralite.1,SRX3884759,,RNA-Seq,cDNA,TRANSCRIPTOMIC,PAIRED,0,0,ILLUMINA,Illumina HiSeq 2500,SRP107337,PRJNA387182,2,387182,SRS3123966,SAMN08864869,simple,9606,Homo sapiens,,,,,,,no,,,,,GEO,SRA562558,,public,28B55ECD9AA09071C09D60445BED05C0,1D0B9A1A97DEA1E5F497A18FC8FAD11F,https://sra-pub-run-odp.s3.amazonaws.com/sra/SRR6940429/SRR6940429,spm13
GSM3081121,SRR6940430,2018-04-23 13:58:12,2018-04-04 17:07:15,20917351,4225304902,20917351,202,1697,,https://sra-downloadb.be-md.ncbi.nlm.nih.gov/sos5/sra-pub-zq-14/SRR006/940/SRR6940430.sralite.1,SRX3884760,,RNA-Seq,cDNA,TRANSCRIPTOMIC,PAIRED,0,0,ILLUMINA,Illumina HiSeq 2500,SRP107337,PRJNA387182,2,387182,SRS3123967,SAMN08864868,simple,9606,Homo sapiens,,,,,,,no,,,,,GEO,SRA562558,,public,8557D4171D820E7F1E9F88CDB1C8966F,E7C85727EB1B60265E73A24CB558A53F,https://sra-pub-run-odp.s3.amazonaws.com/sra/SRR6940430/SRR6940430,spm11
GSM3081121,SRR6940431,2018-04-23 13:58:12,2018-04-04 15:09:08,16422838,3317413276,16422838,202,1268,,https://sra-downloadb.be-md.ncbi.nlm.nih.gov/sos5/sra-pub-zq-14/SRR006/940/SRR6940431.sralite.1,SRX3884760,,RNA-Seq,cDNA,TRANSCRIPTOMIC,PAIRED,0,0,ILLUMINA,Illumina HiSeq 2500,SRP107337,PRJNA387182,2,387182,SRS3123967,SAMN08864868,simple,9606,Homo sapiens,,,,,,,no,,,,,GEO,SRA562558,,public,A12401451F9DEE508A6DB052CF3B06E1,E333AB07D5EE57843E9B4DD49EA01D5C,https://sra-pub-run-odp.s3.amazonaws.com/sra/SRR6940431/SRR6940431,spm11
GSM3081122,SRR6940432,2018-04-23 13:58:12,2018-04-04 17:02:43,9718744,2449123488,9718744,252,809,,https://sra-downloadb.be-md.ncbi.nlm.nih.gov/sos5/sra-pub-zq-14/SRR006/940/SRR6940432.sralite.1,SRX3884761,,RNA-Seq,cDNA,TRANSCRIPTOMIC,PAIRED,0,0,ILLUMINA,Illumina HiSeq 2500,SRP107337,PRJNA387182,2,387182,SRS3123968,SAMN08864867,simple,9606,Homo sapiens,,,,,,,no,,,,,GEO,SRA562558,,public,FAE7BC63772869BC0A6AA3775483E0B9,334284886BD33EAFFD1B29D13CEFACA0,https://sra-pub-run-odp.s3.amazonaws.com/sra/SRR6940432/SRR6940432,spm37
GSM3081123,SRR6940433,2018-04-23 13:58:12,2018-04-04 17:03:04,10578362,2665747224,10578362,252,886,,https://sra-downloadb.be-md.ncbi.nlm.nih.gov/sos5/sra-pub-zq-14/SRR006/940/SRR6940433.sralite.1,SRX3884762,,RNA-Seq,cDNA,TRANSCRIPTOMIC,PAIRED,0,0,ILLUMINA,Illumina HiSeq 2500,SRP107337,PRJNA387182,2,387182,SRS3123969,SAMN08864866,simple,9606,Homo sapiens,,,,,,,no,,,,,GEO,SRA562558,,public,124BA759B6CF44987D4B2AAA3493A40A,97AFFF54DAFD92FB31C689C9842D18EE,https://sra-pub-run-odp.s3.amazonaws.com/sra/SRR6940433/SRR6940433,spm34
GSM3081124,SRR6940434,2018-04-23 13:58:12,2018-04-04 17:06:51,14593655,3677601060,14593655,252,1219,,https://sra-downloadb.be-md.ncbi.nlm.nih.gov/sos5/sra-pub-zq-14/SRR006/940/SRR6940434.sralite.1,SRX3884763,,RNA-Seq,cDNA,TRANSCRIPTOMIC,PAIRED,0,0,ILLUMINA,Illumina HiSeq 2500,SRP107337,PRJNA387182,2,387182,SRS3123970,SAMN08864865,simple,9606,Homo sapiens,,,,,,,no,,,,,GEO,SRA562558,,public,7D308E08CC3F264530340EE65EFBAB9E,CCB6AD099EE29B59875D2072B0CCA867,https://sra-pub-run-odp.s3.amazonaws.com/sra/SRR6940434/SRR6940434,spm32
GSM3081125,SRR6940435,2018-04-23 13:58:12,2018-04-04 17:03:35,7695697,1939315644,7695697,252,670,,https://sra-downloadb.be-md.ncbi.nlm.nih.gov/sos5/sra-pub-zq-14/SRR006/940/SRR6940435.sralite.1,SRX3884764,,RNA-Seq,cDNA,TRANSCRIPTOMIC,PAIRED,0,0,ILLUMINA,Illumina HiSeq 2500,SRP107337,PRJNA387182,2,387182,SRS3123971,SAMN08864864,simple,9606,Homo sapiens,,,,,,,no,,,,,GEO,SRA562558,,public,A271B5969A4BB5FF532C6D257BADCDAB,8E072C85311E50041737146E38926BE6,https://sra-pub-run-odp.s3.amazonaws.com/sra/SRR6940435/SRR6940435,spm31
GSM3081131,SRR6940441,2018-04-23 13:58:12,2018-04-04 17:11:12,13987867,3524942484,13987867,252,1190,,https://sra-downloadb.be-md.ncbi.nlm.nih.gov/sos5/sra-pub-zq-14/SRR006/940/SRR6940441.sralite.1,SRX3884768,,RNA-Seq,cDNA,TRANSCRIPTOMIC,PAIRED,0,0,ILLUMINA,Illumina HiSeq 2500,SRP107337,PRJNA387182,2,387182,SRS3123972,SAMN08864858,simple,9606,Homo sapiens,,,,,,,no,,,,,GEO,SRA562558,,public,5FE2208CDFA1715FAD601841D9A2992C,EA18EF59ECF9F0BDCA5E06B3C3C15640,https://sra-pub-run-odp.s3.amazonaws.com/sra/SRR6940441/SRR6940441,spm21
GSM3081128,SRR6940438,2018-04-23 13:58:12,2018-04-04 17:07:39,10713287,2699748324,10713287,252,924,,https://sra-downloadb.be-md.ncbi.nlm.nih.gov/sos5/sra-pub-zq-14/SRR006/940/SRR6940438.sralite.1,SRX3884765,,RNA-Seq,cDNA,TRANSCRIPTOMIC,PAIRED,0,0,ILLUMINA,Illumina HiSeq 2500,SRP107337,PRJNA387182,2,387182,SRS3123973,SAMN08864861,simple,9606,Homo sapiens,,,,,,,no,,,,,GEO,SRA562558,,public,97E56731EDC866948C730C6BBE6CC757,3D00B20828B20C52E1288D983B8F9074,https://sra-pub-run-odp.s3.amazonaws.com/sra/SRR6940438/SRR6940438,spm24
GSM3081130,SRR6940440,2018-04-23 13:58:12,2018-04-04 17:08:59,19434708,4897546416,19434708,252,1683,,https://sra-downloadb.be-md.ncbi.nlm.nih.gov/sos5/sra-pub-zq-14/SRR006/940/SRR6940440.sralite.1,SRX3884767,,RNA-Seq,cDNA,TRANSCRIPTOMIC,PAIRED,0,0,ILLUMINA,Illumina HiSeq 2500,SRP107337,PRJNA387182,2,387182,SRS3123974,SAMN08864859,simple,9606,Homo sapiens,,,,,,,no,,,,,GEO,SRA562558,,public,47E8F21FCC59DDF52A4E987DFB0DE638,39AAAE64E057D3BE7CED61ECA7F945DB,https://sra-pub-run-odp.s3.amazonaws.com/sra/SRR6940440/SRR6940440,spm22
GSM3081129,SRR6940439,2018-04-23 13:58:12,2018-04-04 17:05:12,12137497,3058649244,12137497,252,1032,,https://sra-downloadb.be-md.ncbi.nlm.nih.gov/sos5/sra-pub-zq-14/SRR006/940/SRR6940439.sralite.1,SRX3884766,,RNA-Seq,cDNA,TRANSCRIPTOMIC,PAIRED,0,0,ILLUMINA,Illumina HiSeq 2500,SRP107337,PRJNA387182,2,387182,SRS3123975,SAMN08864860,simple,9606,Homo sapiens,,,,,,,no,,,,,GEO,SRA562558,,public,C5B039ADCF0440FCF90F44F11102554A,D6F8FB30385CDDEECB23C1A70828F59C,https://sra-pub-run-odp.s3.amazonaws.com/sra/SRR6940439/SRR6940439,spm23
GSM3081132,SRR6940442,2018-04-23 13:58:12,2018-04-04 17:06:51,14912286,3757896072,14912286,252,1286,,https://sra-downloadb.be-md.ncbi.nlm.nih.gov/sos5/sra-pub-zq-14/SRR006/940/SRR6940442.sralite.1,SRX3884769,,RNA-Seq,cDNA,TRANSCRIPTOMIC,PAIRED,0,0,ILLUMINA,Illumina HiSeq 2500,SRP107337,PRJNA387182,2,387182,SRS3123976,SAMN08864857,simple,9606,Homo sapiens,,,,,,,no,,,,,GEO,SRA562558,,public,B09619E1E30A42C250D12D9E9047AFED,FB859C2DCE101ECC03E300CEE22C279C,https://sra-pub-run-odp.s3.amazonaws.com/sra/SRR6940442/SRR6940442,spm20
GSM3081133,SRR6940443,2018-04-23 13:58:12,2018-04-04 17:04:18,6080432,1532268864,6080432,252,513,,https://sra-downloadb.be-md.ncbi.nlm.nih.gov/sos5/sra-pub-zq-14/SRR006/940/SRR6940443.sralite.1,SRX3884770,,RNA-Seq,cDNA,TRANSCRIPTOMIC,PAIRED,0,0,ILLUMINA,Illumina HiSeq 2500,SRP107337,PRJNA387182,2,387182,SRS3123977,SAMN08864856,simple,9606,Homo sapiens,,,,,,,no,,,,,GEO,SRA562558,,public,94FA2661CBD69CB73FD510910F68C926,2942684266CE69E70A25C9F6129235A9,https://sra-pub-run-odp.s3.amazonaws.com/sra/SRR6940443/SRR6940443,spm19
GSM3081134,SRR6940444,2018-04-23 13:58:12,2018-04-04 17:11:53,17824386,4491745272,17824386,252,1535,,https://sra-downloadb.be-md.ncbi.nlm.nih.gov/sos5/sra-pub-zq-14/SRR006/940/SRR6940444.sralite.1,SRX3884771,,RNA-Seq,cDNA,TRANSCRIPTOMIC,PAIRED,0,0,ILLUMINA,Illumina HiSeq 2500,SRP107337,PRJNA387182,2,387182,SRS3123978,SAMN08864855,simple,9606,Homo sapiens,,,,,,,no,,,,,GEO,SRA562558,,public,097CDFBA64606A1D49B9E2A7EB59AFEC,07AC68BE1A5759918C82E32E4D0EA70E,https://sra-pub-run-odp.s3.amazonaws.com/sra/SRR6940444/SRR6940444,spm18
GSM3081135,SRR6940445,2018-04-23 13:58:12,2018-04-04 17:06:14,16973512,4277325024,16973512,252,1457,,https://sra-downloadb.be-md.ncbi.nlm.nih.gov/sos5/sra-pub-zq-14/SRR006/940/SRR6940445.sralite.1,SRX3884772,,RNA-Seq,cDNA,TRANSCRIPTOMIC,PAIRED,0,0,ILLUMINA,Illumina HiSeq 2500,SRP107337,PRJNA387182,2,387182,SRS3123979,SAMN08864854,simple,9606,Homo sapiens,,,,,,,no,,,,,GEO,SRA562558,,public,1B72CFDAB8817EBA4712CE61A5BEEA8C,FB3F01AFA3938D8D7AC3CD40E9699FB6,https://sra-pub-run-odp.s3.amazonaws.com/sra/SRR6940445/SRR6940445,spm12
GSM3081136,SRR6940446,2018-04-23 13:58:12,2018-04-04 17:05:01,10621718,2676672936,10621718,252,923,,https://sra-downloadb.be-md.ncbi.nlm.nih.gov/sos5/sra-pub-zq-14/SRR006/940/SRR6940446.sralite.1,SRX3884773,,RNA-Seq,cDNA,TRANSCRIPTOMIC,PAIRED,0,0,ILLUMINA,Illumina HiSeq 2500,SRP107337,PRJNA387182,2,387182,SRS3123980,SAMN08864965,simple,9606,Homo sapiens,,,,,,,no,,,,,GEO,SRA562558,,public,2E547442C3591471C9B8656DB8CA5C49,835609EF6BBE547140B6F137CFA5522C,https://sra-pub-run-odp.s3.amazonaws.com/sra/SRR6940446/SRR6940446,spm10
GSM3081137,SRR6940447,2018-04-23 13:58:12,2018-04-04 17:12:12,12259309,3089345868,12259309,252,1053,,https://sra-downloadb.be-md.ncbi.nlm.nih.gov/sos5/sra-pub-zq-14/SRR006/940/SRR6940447.sralite.1,SRX3884774,,RNA-Seq,cDNA,TRANSCRIPTOMIC,PAIRED,0,0,ILLUMINA,Illumina HiSeq 2500,SRP107337,PRJNA387182,2,387182,SRS3123981,SAMN08864964,simple,9606,Homo sapiens,,,,,,,no,,,,,GEO,SRA562558,,public,99E3DF09D57F7ED483BB6FCEDD013E26,C80D09B59C0CF67A1E365226907A0990,https://sra-pub-run-odp.s3.amazonaws.com/sra/SRR6940447/SRR6940447,spm01
GSM3081138,SRR6940448,2018-04-23 13:58:12,2018-04-04 17:11:05,20157367,4071788134,20157367,202,2497,,https://sra-downloadb.be-md.ncbi.nlm.nih.gov/sos5/sra-pub-zq-14/SRR006/940/SRR6940448.sralite.1,SRX3884775,,RNA-Seq,cDNA,TRANSCRIPTOMIC,PAIRED,0,0,ILLUMINA,Illumina HiSeq 2500,SRP107337,PRJNA387182,2,387182,SRS3123982,SAMN08864963,simple,9606,Homo sapiens,,,,,,,no,,,,,GEO,SRA562558,,public,C4B63EFEE156ECF7E5C021A638FBBE4E,30A71818C93CAE972C4B7E094C09B7EF,https://sra-pub-run-odp.s3.amazonaws.com/sra/SRR6940448/SRR6940448,S15018
GSM3081139,SRR6940449,2018-04-23 13:58:12,2018-04-04 17:12:17,22085926,4461357052,22085926,202,2687,,https://sra-downloadb.be-md.ncbi.nlm.nih.gov/sos5/sra-pub-zq-14/SRR006/940/SRR6940449.sralite.1,SRX3884776,,RNA-Seq,cDNA,TRANSCRIPTOMIC,PAIRED,0,0,ILLUMINA,Illumina HiSeq 2500,SRP107337,PRJNA387182,2,387182,SRS3123983,SAMN08864962,simple,9606,Homo sapiens,,,,,,,no,,,,,GEO,SRA562558,,public,244FCDC9F375899FBBAB75F41E4B9DB2,1AA1E2946EF63B63F7578E859E41A005,https://sra-pub-run-odp.s3.amazonaws.com/sra/SRR6940449/SRR6940449,S14005
GSM3081140,SRR6940450,2018-04-23 13:58:12,2018-04-04 17:03:51,9563996,1931927192,9563996,202,1160,,https://sra-downloadb.be-md.ncbi.nlm.nih.gov/sos5/sra-pub-zq-14/SRR006/940/SRR6940450.sralite.1,SRX3884777,,RNA-Seq,cDNA,TRANSCRIPTOMIC,PAIRED,0,0,ILLUMINA,Illumina HiSeq 2500,SRP107337,PRJNA387182,2,387182,SRS3123984,SAMN08864961,simple,9606,Homo sapiens,,,,,,,no,,,,,GEO,SRA562558,,public,74D2FE2BE4E438C63916A4319FD2CD04,7C4FD94FAA732D9F61D44D75B36F71A3,https://sra-pub-run-odp.s3.amazonaws.com/sra/SRR6940450/SRR6940450,S13067
GSM3081141,SRR6940451,2018-04-23 13:58:12,2018-04-04 17:13:03,21476207,4338193814,21476207,202,2606,,https://sra-downloadb.be-md.ncbi.nlm.nih.gov/sos5/sra-pub-zq-14/SRR006/940/SRR6940451.sralite.1,SRX3884778,,RNA-Seq,cDNA,TRANSCRIPTOMIC,PAIRED,0,0,ILLUMINA,Illumina HiSeq 2500,SRP107337,PRJNA387182,2,387182,SRS3123985,SAMN08864960,simple,9606,Homo sapiens,,,,,,,no,,,,,GEO,SRA562558,,public,A4768E661201968544543B9AA400B563,13FBF41720880B387C274C4D40494808,https://sra-pub-run-odp.s3.amazonaws.com/sra/SRR6940451/SRR6940451,S12112
GSM3081142,SRR6940452,2018-04-23 13:58:12,2018-04-04 17:17:25,29251049,5908711898,29251049,202,3538,,https://sra-downloadb.be-md.ncbi.nlm.nih.gov/sos5/sra-pub-zq-14/SRR006/940/SRR6940452.sralite.1,SRX3884779,,RNA-Seq,cDNA,TRANSCRIPTOMIC,PAIRED,0,0,ILLUMINA,Illumina HiSeq 2500,SRP107337,PRJNA387182,2,387182,SRS3123986,SAMN08864954,simple,9606,Homo sapiens,,,,,,,no,,,,,GEO,SRA562558,,public,7275CA55C127453156C619EA7B373E04,42FAA6F8BEFE381896DF7BCE3C9E391B,https://sra-pub-run-odp.s3.amazonaws.com/sra/SRR6940452/SRR6940452,S1210100
GSM3081143,SRR6940453,2018-04-23 13:58:12,2018-04-04 17:16:51,23315839,4709799478,23315839,202,2815,,https://sra-downloadb.be-md.ncbi.nlm.nih.gov/sos5/sra-pub-zq-14/SRR006/940/SRR6940453.sralite.1,SRX3884780,,RNA-Seq,cDNA,TRANSCRIPTOMIC,PAIRED,0,0,ILLUMINA,Illumina HiSeq 2500,SRP107337,PRJNA387182,2,387182,SRS3123987,SAMN08864953,simple,9606,Homo sapiens,,,,,,,no,,,,,GEO,SRA562558,,public,E19C1D0C440E30BB3E6D7D80D45261E5,69AC4DD3DEAFD7A6CB48607ABDB510D8,https://sra-pub-run-odp.s3.amazonaws.com/sra/SRR6940453/SRR6940453,S12067
GSM3081144,SRR6940454,2018-04-23 13:58:12,2018-04-04 17:24:58,34018437,6871724274,34018437,202,4131,,https://sra-downloadb.be-md.ncbi.nlm.nih.gov/sos5/sra-pub-zq-14/SRR006/940/SRR6940454.sralite.1,SRX3884781,,RNA-Seq,cDNA,TRANSCRIPTOMIC,PAIRED,0,0,ILLUMINA,Illumina HiSeq 2500,SRP107337,PRJNA387182,2,387182,SRS3123988,SAMN08864952,simple,9606,Homo sapiens,,,,,,,no,,,,,GEO,SRA562558,,public,615989903333BC82AC5D6F90031C596C,880CF4ED9CE66618405558BD06019AD2,https://sra-pub-run-odp.s3.amazonaws.com/sra/SRR6940454/SRR6940454,S12048
GSM3081145,SRR6940455,2018-04-23 13:58:12,2018-04-04 17:06:51,7528460,1504593397,7528460,199,682,,https://sra-downloadb.be-md.ncbi.nlm.nih.gov/sos5/sra-pub-zq-14/SRR006/940/SRR6940455.sralite.1,SRX3884782,,RNA-Seq,cDNA,TRANSCRIPTOMIC,PAIRED,0,0,ILLUMINA,Illumina HiSeq 2500,SRP107337,PRJNA387182,2,387182,SRS3123989,SAMN08864959,simple,9606,Homo sapiens,,,,,,,no,,,,,GEO,SRA562558,,public,B0788A8F63C290E5164DE9A797B14ED5,8CCB84C6D398F2342541B781E9DA6F50,https://sra-pub-run-odp.s3.amazonaws.com/sra/SRR6940455/SRR6940455,spm9wb
GSM3081145,SRR6940456,2018-04-23 13:58:12,2018-04-04 17:04:14,7600291,1519001907,7600291,199,690,,https://sra-downloadb.be-md.ncbi.nlm.nih.gov/sos5/sra-pub-zq-14/SRR006/940/SRR6940456.sralite.1,SRX3884782,,RNA-Seq,cDNA,TRANSCRIPTOMIC,PAIRED,0,0,ILLUMINA,Illumina HiSeq 2500,SRP107337,PRJNA387182,2,387182,SRS3123989,SAMN08864959,simple,9606,Homo sapiens,,,,,,,no,,,,,GEO,SRA562558,,public,6C51D8870425AB23FAE6D5104D87EA5C,7C283AFBF22D71244005007A3A987724,https://sra-pub-run-odp.s3.amazonaws.com/sra/SRR6940456/SRR6940456,spm9wb
GSM3081146,SRR6940457,2018-04-23 13:58:12,2018-04-04 17:07:22,10226346,2043642146,10226346,199,925,,https://sra-downloadb.be-md.ncbi.nlm.nih.gov/sos5/sra-pub-zq-14/SRR006/940/SRR6940457.sralite.1,SRX3884783,,RNA-Seq,cDNA,TRANSCRIPTOMIC,PAIRED,0,0,ILLUMINA,Illumina HiSeq 2500,SRP107337,PRJNA387182,2,387182,SRS3123990,SAMN08864958,simple,9606,Homo sapiens,,,,,,,no,,,,,GEO,SRA562558,,public,0A770DA49D79E7BC277A956C6A802283,2907936D231A5A43D8EC9D68192B93E1,https://sra-pub-run-odp.s3.amazonaws.com/sra/SRR6940457/SRR6940457,spm8wb
GSM3081146,SRR6940458,2018-04-23 13:58:12,2018-04-04 17:07:18,10343239,2067101181,10343239,199,937,,https://sra-downloadb.be-md.ncbi.nlm.nih.gov/sos5/sra-pub-zq-14/SRR006/940/SRR6940458.sralite.1,SRX3884783,,RNA-Seq,cDNA,TRANSCRIPTOMIC,PAIRED,0,0,ILLUMINA,Illumina HiSeq 2500,SRP107337,PRJNA387182,2,387182,SRS3123990,SAMN08864958,simple,9606,Homo sapiens,,,,,,,no,,,,,GEO,SRA562558,,public,B58D5E716DCA9A62BB78A14EBDB1DBAC,154282D71AF868170DAC631872A9F05D,https://sra-pub-run-odp.s3.amazonaws.com/sra/SRR6940458/SRR6940458,spm8wb
GSM3081147,SRR6940459,2018-04-23 13:58:12,2018-04-04 17:08:03,11244841,2237170763,11244841,198,1019,,https://sra-downloadb.be-md.ncbi.nlm.nih.gov/sos5/sra-pub-zq-14/SRR006/940/SRR6940459.sralite.1,SRX3884784,,RNA-Seq,cDNA,TRANSCRIPTOMIC,PAIRED,0,0,ILLUMINA,Illumina HiSeq 2500,SRP107337,PRJNA387182,2,387182,SRS3123991,SAMN08864957,simple,9606,Homo sapiens,,,,,,,no,,,,,GEO,SRA562558,,public,B1581957B389556BD4A673C97B1D19D7,B10DA32F0629A311D1A910D7B6D0CEEE,https://sra-pub-run-odp.s3.amazonaws.com/sra/SRR6940459/SRR6940459,spm6wb
GSM3081147,SRR6940460,2018-04-23 13:58:12,2018-04-04 17:07:24,11350005,2258217446,11350005,198,1029,,https://sra-downloadb.be-md.ncbi.nlm.nih.gov/sos5/sra-pub-zq-14/SRR006/940/SRR6940460.sralite.1,SRX3884784,,RNA-Seq,cDNA,TRANSCRIPTOMIC,PAIRED,0,0,ILLUMINA,Illumina HiSeq 2500,SRP107337,PRJNA387182,2,387182,SRS3123991,SAMN08864957,simple,9606,Homo sapiens,,,,,,,no,,,,,GEO,SRA562558,,public,72EFC730F306A47F9D272CCA3627BF06,C9F9AE3E1C28D0AA74D64918160ACFF7,https://sra-pub-run-odp.s3.amazonaws.com/sra/SRR6940460/SRR6940460,spm6wb
GSM3081148,SRR6940461,2018-04-23 13:58:12,2018-04-04 17:10:09,13305993,2652661756,13305993,199,1217,,https://sra-downloadb.be-md.ncbi.nlm.nih.gov/sos5/sra-pub-zq-14/SRR006/940/SRR6940461.sralite.1,SRX3884785,,RNA-Seq,cDNA,TRANSCRIPTOMIC,PAIRED,0,0,ILLUMINA,Illumina HiSeq 2500,SRP107337,PRJNA387182,2,387182,SRS3123992,SAMN08864956,simple,9606,Homo sapiens,,,,,,,no,,,,,GEO,SRA562558,,public,B172781EBFE040F6AAF15CCD7A73A245,9DD84BB155E11B4FFB0FEFCDEEF60012,https://sra-pub-run-odp.s3.amazonaws.com/sra/SRR6940461/SRR6940461,spm5wb
GSM3081148,SRR6940462,2018-04-23 13:58:12,2018-04-04 17:07:12,13434698,2678439486,13434698,199,1230,,https://sra-downloadb.be-md.ncbi.nlm.nih.gov/sos5/sra-pub-zq-14/SRR006/940/SRR6940462.sralite.1,SRX3884785,,RNA-Seq,cDNA,TRANSCRIPTOMIC,PAIRED,0,0,ILLUMINA,Illumina HiSeq 2500,SRP107337,PRJNA387182,2,387182,SRS3123992,SAMN08864956,simple,9606,Homo sapiens,,,,,,,no,,,,,GEO,SRA562558,,public,1A0C741DBE92E15F764B77908797493F,66F7B79AF9F6AEBEE0642660946E6CBB,https://sra-pub-run-odp.s3.amazonaws.com/sra/SRR6940462/SRR6940462,spm5wb
GSM3081150,SRR6940465,2018-04-23 13:58:12,2018-04-04 17:06:52,7128367,1420295440,7128367,199,647,,https://sra-downloadb.be-md.ncbi.nlm.nih.gov/sos5/sra-pub-zq-14/SRR006/940/SRR6940465.sralite.1,SRX3884787,,RNA-Seq,cDNA,TRANSCRIPTOMIC,PAIRED,0,0,ILLUMINA,Illumina HiSeq 2500,SRP107337,PRJNA387182,2,387182,SRS3123993,SAMN08864951,simple,9606,Homo sapiens,,,,,,,no,,,,,GEO,SRA562558,,public,88C2AFEF0B9320596541D76E42ADCC35,D84A0DEB943CCC585AF245C4FE5E356E,https://sra-pub-run-odp.s3.amazonaws.com/sra/SRR6940465/SRR6940465,spm35wb
GSM3081150,SRR6940466,2018-04-23 13:58:12,2018-04-04 17:03:41,7191890,1433006003,7191890,199,654,,https://sra-downloadb.be-md.ncbi.nlm.nih.gov/sos5/sra-pub-zq-14/SRR006/940/SRR6940466.sralite.1,SRX3884787,,RNA-Seq,cDNA,TRANSCRIPTOMIC,PAIRED,0,0,ILLUMINA,Illumina HiSeq 2500,SRP107337,PRJNA387182,2,387182,SRS3123993,SAMN08864951,simple,9606,Homo sapiens,,,,,,,no,,,,,GEO,SRA562558,,public,36CC29EBC1A91214EAA8729A9B1572EC,F20D8D5C03810485B00CDCEB8091FCF5,https://sra-pub-run-odp.s3.amazonaws.com/sra/SRR6940466/SRR6940466,spm35wb
GSM3081149,SRR6940463,2018-04-23 13:58:12,2018-04-04 17:09:09,11825173,2357383527,11825173,199,1067,,https://sra-downloadb.be-md.ncbi.nlm.nih.gov/sos5/sra-pub-zq-14/SRR006/940/SRR6940463.sralite.1,SRX3884786,,RNA-Seq,cDNA,TRANSCRIPTOMIC,PAIRED,0,0,ILLUMINA,Illumina HiSeq 2500,SRP107337,PRJNA387182,2,387182,SRS3123994,SAMN08864955,simple,9606,Homo sapiens,,,,,,,no,,,,,GEO,SRA562558,,public,DA8D9C5A078B9AA14ECA7DB30B856414,07A6FBE40227DA914BEB854A8D55E804,https://sra-pub-run-odp.s3.amazonaws.com/sra/SRR6940463/SRR6940463,spm36wb
GSM3081149,SRR6940464,2018-04-23 13:58:12,2018-04-04 17:07:50,11935132,2379443733,11935132,199,1078,,https://sra-downloadb.be-md.ncbi.nlm.nih.gov/sos5/sra-pub-zq-14/SRR006/940/SRR6940464.sralite.1,SRX3884786,,RNA-Seq,cDNA,TRANSCRIPTOMIC,PAIRED,0,0,ILLUMINA,Illumina HiSeq 2500,SRP107337,PRJNA387182,2,387182,SRS3123994,SAMN08864955,simple,9606,Homo sapiens,,,,,,,no,,,,,GEO,SRA562558,,public,7FD4A63F4514C19DCBB6FA13EA3226F0,0D6D725113A1D91ECED5177EC4474A41,https://sra-pub-run-odp.s3.amazonaws.com/sra/SRR6940464/SRR6940464,spm36wb
GSM3081151,SRR6940467,2018-04-23 13:58:12,2018-04-04 17:10:22,6488243,1291172182,6488243,199,583,,https://sra-downloadb.be-md.ncbi.nlm.nih.gov/sos5/sra-pub-zq-14/SRR006/940/SRR6940467.sralite.1,SRX3884788,,RNA-Seq,cDNA,TRANSCRIPTOMIC,PAIRED,0,0,ILLUMINA,Illumina HiSeq 2500,SRP107337,PRJNA387182,2,387182,SRS3123995,SAMN08864950,simple,9606,Homo sapiens,,,,,,,no,,,,,GEO,SRA562558,,public,3A937D88F59F23AC3B02A459F28EB0DE,B6847C9ADC236F4435B3AF8AAF517B6E,https://sra-pub-run-odp.s3.amazonaws.com/sra/SRR6940467/SRR6940467,spm33wb
GSM3081151,SRR6940468,2018-04-23 13:58:12,2018-04-04 17:07:14,6549183,1303361761,6549183,199,589,,https://sra-downloadb.be-md.ncbi.nlm.nih.gov/sos5/sra-pub-zq-14/SRR006/940/SRR6940468.sralite.1,SRX3884788,,RNA-Seq,cDNA,TRANSCRIPTOMIC,PAIRED,0,0,ILLUMINA,Illumina HiSeq 2500,SRP107337,PRJNA387182,2,387182,SRS3123995,SAMN08864950,simple,9606,Homo sapiens,,,,,,,no,,,,,GEO,SRA562558,,public,86A5336266771D29B3E86C4E401D38C4,473942BD0B516803C85A29D8A44DD85C,https://sra-pub-run-odp.s3.amazonaws.com/sra/SRR6940468/SRR6940468,spm33wb
GSM3081152,SRR6940469,2018-04-23 13:59:12,2018-04-04 17:08:54,8410170,1678163681,8410170,199,760,,https://sra-downloadb.be-md.ncbi.nlm.nih.gov/sos5/sra-pub-zq-14/SRR006/940/SRR6940469.sralite.1,SRX3884789,,RNA-Seq,cDNA,TRANSCRIPTOMIC,PAIRED,0,0,ILLUMINA,Illumina HiSeq 2500,SRP107337,PRJNA387182,2,387182,SRS3123996,SAMN08864949,simple,9606,Homo sapiens,,,,,,,no,,,,,GEO,SRA562558,,public,06E524D6B717822222A6411DB6E5901E,3829A3CC6CCB88A1EB3871B98C4768DB,https://sra-pub-run-odp.s3.amazonaws.com/sra/SRR6940469/SRR6940469,spm30wb
GSM3081152,SRR6940470,2018-04-23 13:59:12,2018-04-04 17:04:59,8492722,1694719416,8492722,199,768,,https://sra-downloadb.be-md.ncbi.nlm.nih.gov/sos5/sra-pub-zq-14/SRR006/940/SRR6940470.sralite.1,SRX3884789,,RNA-Seq,cDNA,TRANSCRIPTOMIC,PAIRED,0,0,ILLUMINA,Illumina HiSeq 2500,SRP107337,PRJNA387182,2,387182,SRS3123996,SAMN08864949,simple,9606,Homo sapiens,,,,,,,no,,,,,GEO,SRA562558,,public,95991A6D7C4196396C3D9D8F55233FBF,A17EA78E679CB802BA32E657392B648C,https://sra-pub-run-odp.s3.amazonaws.com/sra/SRR6940470/SRR6940470,spm30wb
GSM3081154,SRR6940473,2018-04-23 13:59:12,2018-04-04 17:06:03,10462544,2084020667,10462544,199,937,,https://sra-downloadb.be-md.ncbi.nlm.nih.gov/sos5/sra-pub-zq-14/SRR006/940/SRR6940473.sralite.1,SRX3884791,,RNA-Seq,cDNA,TRANSCRIPTOMIC,PAIRED,0,0,ILLUMINA,Illumina HiSeq 2500,SRP107337,PRJNA387182,2,387182,SRS3123997,SAMN08864947,simple,9606,Homo sapiens,,,,,,,no,,,,,GEO,SRA562558,,public,0D1AECAE2FEEF99D031C95C2BED7E763,836A4308BEC8D1859FBFFBE9C56A8AE6,https://sra-pub-run-odp.s3.amazonaws.com/sra/SRR6940473/SRR6940473,spm28wb
GSM3081154,SRR6940474,2018-04-23 13:59:12,2018-04-04 17:09:19,10568886,2105341056,10568886,199,947,,https://sra-downloadb.be-md.ncbi.nlm.nih.gov/sos5/sra-pub-zq-14/SRR006/940/SRR6940474.sralite.1,SRX3884791,,RNA-Seq,cDNA,TRANSCRIPTOMIC,PAIRED,0,0,ILLUMINA,Illumina HiSeq 2500,SRP107337,PRJNA387182,2,387182,SRS3123997,SAMN08864947,simple,9606,Homo sapiens,,,,,,,no,,,,,GEO,SRA562558,,public,9743A5F8EA4FD947AC2733F701974052,8ED5F7FBC546CF17C091739188623A3B,https://sra-pub-run-odp.s3.amazonaws.com/sra/SRR6940474/SRR6940474,spm28wb
GSM3081153,SRR6940471,2018-04-23 13:59:12,2018-04-04 17:09:17,11036220,2197978618,11036220,199,1001,,https://sra-downloadb.be-md.ncbi.nlm.nih.gov/sos5/sra-pub-zq-14/SRR006/940/SRR6940471.sralite.1,SRX3884790,,RNA-Seq,cDNA,TRANSCRIPTOMIC,PAIRED,0,0,ILLUMINA,Illumina HiSeq 2500,SRP107337,PRJNA387182,2,387182,SRS3123998,SAMN08864948,simple,9606,Homo sapiens,,,,,,,no,,,,,GEO,SRA562558,,public,7AE3488F8C640ADE20ADAFDDB5E72D3C,8169F22F42231DB72BDCB93DCFBD46BB,https://sra-pub-run-odp.s3.amazonaws.com/sra/SRR6940471/SRR6940471,spm2wb
GSM3081153,SRR6940472,2018-04-23 13:59:12,2018-04-04 17:07:00,11139147,2218647342,11139147,199,1012,,https://sra-downloadb.be-md.ncbi.nlm.nih.gov/sos5/sra-pub-zq-14/SRR006/940/SRR6940472.sralite.1,SRX3884790,,RNA-Seq,cDNA,TRANSCRIPTOMIC,PAIRED,0,0,ILLUMINA,Illumina HiSeq 2500,SRP107337,PRJNA387182,2,387182,SRS3123998,SAMN08864948,simple,9606,Homo sapiens,,,,,,,no,,,,,GEO,SRA562558,,public,2F7F13E7162452DD7EBF63DE90EAF1A2,9D21E2383158500570C461FE2B76A8C6,https://sra-pub-run-odp.s3.amazonaws.com/sra/SRR6940472/SRR6940472,spm2wb
GSM3081155,SRR6940475,2018-04-23 13:59:12,2018-04-04 17:09:06,10246110,2043811713,10246110,199,921,,https://sra-downloadb.be-md.ncbi.nlm.nih.gov/sos5/sra-pub-zq-14/SRR006/940/SRR6940475.sralite.1,SRX3884792,,RNA-Seq,cDNA,TRANSCRIPTOMIC,PAIRED,0,0,ILLUMINA,Illumina HiSeq 2500,SRP107337,PRJNA387182,2,387182,SRS3123999,SAMN08864946,simple,9606,Homo sapiens,,,,,,,no,,,,,GEO,SRA562558,,public,26B4BEDFBA39ED72E07F5D8A632A99EB,665AC68FED51832357879DECD85F1D32,https://sra-pub-run-odp.s3.amazonaws.com/sra/SRR6940475/SRR6940475,spm26wb
GSM3081155,SRR6940476,2018-04-23 13:59:12,2018-04-04 17:09:39,10351444,2064960387,10351444,199,931,,https://sra-downloadb.be-md.ncbi.nlm.nih.gov/sos5/sra-pub-zq-14/SRR006/940/SRR6940476.sralite.1,SRX3884792,,RNA-Seq,cDNA,TRANSCRIPTOMIC,PAIRED,0,0,ILLUMINA,Illumina HiSeq 2500,SRP107337,PRJNA387182,2,387182,SRS3123999,SAMN08864946,simple,9606,Homo sapiens,,,,,,,no,,,,,GEO,SRA562558,,public,34758300CB265069C15E96A5BDC080EF,9DF19F3CAC38FFF5343CF5198078DB93,https://sra-pub-run-odp.s3.amazonaws.com/sra/SRR6940476/SRR6940476,spm26wb
GSM3081156,SRR6940477,2018-04-23 13:59:12,2018-04-04 17:09:25,8214275,1633999854,8214275,198,741,,https://sra-downloadb.be-md.ncbi.nlm.nih.gov/sos5/sra-pub-zq-14/SRR006/940/SRR6940477.sralite.1,SRX3884793,,RNA-Seq,cDNA,TRANSCRIPTOMIC,PAIRED,0,0,ILLUMINA,Illumina HiSeq 2500,SRP107337,PRJNA387182,2,387182,SRS3124000,SAMN08864945,simple,9606,Homo sapiens,,,,,,,no,,,,,GEO,SRA562558,,public,83F68D5E0B1D962586A1B3A8DB5F3FBC,C9691371433E533D8741A364A9DFCFAE,https://sra-pub-run-odp.s3.amazonaws.com/sra/SRR6940477/SRR6940477,spm25wb
GSM3081156,SRR6940478,2018-04-23 13:59:12,2018-04-04 17:07:27,8296696,1650484058,8296696,198,749,,https://sra-downloadb.be-md.ncbi.nlm.nih.gov/sos5/sra-pub-zq-14/SRR006/940/SRR6940478.sralite.1,SRX3884793,,RNA-Seq,cDNA,TRANSCRIPTOMIC,PAIRED,0,0,ILLUMINA,Illumina HiSeq 2500,SRP107337,PRJNA387182,2,387182,SRS3124000,SAMN08864945,simple,9606,Homo sapiens,,,,,,,no,,,,,GEO,SRA562558,,public,89D163A10976860D93E49B591060FE27,BB270B5C59DCD1F344B4E081FB2F6364,https://sra-pub-run-odp.s3.amazonaws.com/sra/SRR6940478/SRR6940478,spm25wb
GSM3081157,SRR6940479,2018-04-23 13:59:12,2018-04-04 16:57:22,8348531,1665746698,8348531,199,757,,https://sra-downloadb.be-md.ncbi.nlm.nih.gov/sos5/sra-pub-zq-14/SRR006/940/SRR6940479.sralite.1,SRX3884794,,RNA-Seq,cDNA,TRANSCRIPTOMIC,PAIRED,0,0,ILLUMINA,Illumina HiSeq 2500,SRP107337,PRJNA387182,2,387182,SRS3124001,SAMN08864944,simple,9606,Homo sapiens,,,,,,,no,,,,,GEO,SRA562558,,public,DEC19F0B82A6AACECA8B1FC1F5DA0DDC,1B4492781BB38E17913D0658FA9939B4,https://sra-pub-run-odp.s3.amazonaws.com/sra/SRR6940479/SRR6940479,spm15wb
GSM3081157,SRR6940480,2018-04-23 13:59:12,2018-04-04 17:09:17,8430067,1682060281,8430067,199,766,,https://sra-downloadb.be-md.ncbi.nlm.nih.gov/sos5/sra-pub-zq-14/SRR006/940/SRR6940480.sralite.1,SRX3884794,,RNA-Seq,cDNA,TRANSCRIPTOMIC,PAIRED,0,0,ILLUMINA,Illumina HiSeq 2500,SRP107337,PRJNA387182,2,387182,SRS3124001,SAMN08864944,simple,9606,Homo sapiens,,,,,,,no,,,,,GEO,SRA562558,,public,8D504CF381327CD9AFB3519D3A95B0DF,DC95D1F3E45AC790F5FF4AD829368EA8,https://sra-pub-run-odp.s3.amazonaws.com/sra/SRR6940480/SRR6940480,spm15wb
GSM3081158,SRR6940481,2018-04-23 13:59:12,2018-04-04 17:03:20,8297357,1654944449,8297357,199,753,,https://sra-downloadb.be-md.ncbi.nlm.nih.gov/sos5/sra-pub-zq-14/SRR006/940/SRR6940481.sralite.1,SRX3884795,,RNA-Seq,cDNA,TRANSCRIPTOMIC,PAIRED,0,0,ILLUMINA,Illumina HiSeq 2500,SRP107337,PRJNA387182,2,387182,SRS3124002,SAMN08864943,simple,9606,Homo sapiens,,,,,,,no,,,,,GEO,SRA562558,,public,EED2969E1DE583BAB9D4A9D44BD07E8C,B1ED787A377EFCA864B59271C770EA42,https://sra-pub-run-odp.s3.amazonaws.com/sra/SRR6940481/SRR6940481,spm14wb
GSM3081158,SRR6940482,2018-04-23 13:59:12,2018-04-04 17:01:36,8374534,1670438459,8374534,199,761,,https://sra-downloadb.be-md.ncbi.nlm.nih.gov/sos5/sra-pub-zq-14/SRR006/940/SRR6940482.sralite.1,SRX3884795,,RNA-Seq,cDNA,TRANSCRIPTOMIC,PAIRED,0,0,ILLUMINA,Illumina HiSeq 2500,SRP107337,PRJNA387182,2,387182,SRS3124002,SAMN08864943,simple,9606,Homo sapiens,,,,,,,no,,,,,GEO,SRA562558,,public,F5C8057EE3B3393D8C3ACA44ADC4FBF4,A8EE0D179C53E8B0770EF4E4F0DA6E80,https://sra-pub-run-odp.s3.amazonaws.com/sra/SRR6940482/SRR6940482,spm14wb
GSM3081160,SRR6940485,2018-04-23 13:59:12,2018-04-04 17:06:25,9020376,1802592710,9020376,199,819,,https://sra-downloadb.be-md.ncbi.nlm.nih.gov/sos5/sra-pub-zq-14/SRR006/940/SRR6940485.sralite.1,SRX3884797,,RNA-Seq,cDNA,TRANSCRIPTOMIC,PAIRED,0,0,ILLUMINA,Illumina HiSeq 2500,SRP107337,PRJNA387182,2,387182,SRS3124003,SAMN08864941,simple,9606,Homo sapiens,,,,,,,no,,,,,GEO,SRA562558,,public,80A3BB8359CB40A7494EF1D37452F825,A42A975BE07B57781E1862A726B69DB8,https://sra-pub-run-odp.s3.amazonaws.com/sra/SRR6940485/SRR6940485,spm11wb
GSM3081160,SRR6940486,2018-04-23 13:59:12,2018-04-04 17:07:46,9109690,1820515425,9109690,199,828,,https://sra-downloadb.be-md.ncbi.nlm.nih.gov/sos5/sra-pub-zq-14/SRR006/940/SRR6940486.sralite.1,SRX3884797,,RNA-Seq,cDNA,TRANSCRIPTOMIC,PAIRED,0,0,ILLUMINA,Illumina HiSeq 2500,SRP107337,PRJNA387182,2,387182,SRS3124003,SAMN08864941,simple,9606,Homo sapiens,,,,,,,no,,,,,GEO,SRA562558,,public,770A6D365984171E389E66D7DE3810E5,185E83034641A52CC591A6FBB78BFBE2,https://sra-pub-run-odp.s3.amazonaws.com/sra/SRR6940486/SRR6940486,spm11wb
GSM3081159,SRR6940483,2018-04-23 13:59:12,2018-04-04 17:04:52,7018751,1402413036,7018751,199,643,,https://sra-downloadb.be-md.ncbi.nlm.nih.gov/sos5/sra-pub-zq-14/SRR006/940/SRR6940483.sralite.1,SRX3884796,,RNA-Seq,cDNA,TRANSCRIPTOMIC,PAIRED,0,0,ILLUMINA,Illumina HiSeq 2500,SRP107337,PRJNA387182,2,387182,SRS3124004,SAMN08864942,simple,9606,Homo sapiens,,,,,,,no,,,,,GEO,SRA562558,,public,B4F05D671E822CEAE79E0A551EA10F35,28259E9A8E15ADBD601B2DE1F6A2FEEB,https://sra-pub-run-odp.s3.amazonaws.com/sra/SRR6940483/SRR6940483,spm13wb
GSM3081159,SRR6940484,2018-04-23 13:59:12,2018-04-04 17:02:45,7094211,1417558453,7094211,199,651,,https://sra-downloadb.be-md.ncbi.nlm.nih.gov/sos5/sra-pub-zq-14/SRR006/940/SRR6940484.sralite.1,SRX3884796,,RNA-Seq,cDNA,TRANSCRIPTOMIC,PAIRED,0,0,ILLUMINA,Illumina HiSeq 2500,SRP107337,PRJNA387182,2,387182,SRS3124004,SAMN08864942,simple,9606,Homo sapiens,,,,,,,no,,,,,GEO,SRA562558,,public,431CA1C8B1641B71D369087AC84E3819,F7F30620298C5DEA5A70BABC2E302E45,https://sra-pub-run-odp.s3.amazonaws.com/sra/SRR6940484/SRR6940484,spm13wb
GSM3081161,SRR6940487,2018-04-23 13:59:12,2018-04-04 17:05:23,8100234,1636247268,8100234,202,596,,https://sra-downloadb.be-md.ncbi.nlm.nih.gov/sos5/sra-pub-zq-14/SRR006/940/SRR6940487.sralite.1,SRX3884798,,RNA-Seq,cDNA,TRANSCRIPTOMIC,PAIRED,0,0,ILLUMINA,Illumina HiSeq 2500,SRP107337,PRJNA387182,2,387182,SRS3124005,SAMN08864940,simple,9606,Homo sapiens,,,,,,,no,,,,,GEO,SRA562558,,public,7F688DD5857C4606849B73ADB9A5281F,F5F467317675B14D0A6749740FA5F02B,https://sra-pub-run-odp.s3.amazonaws.com/sra/SRR6940487/SRR6940487,S969
GSM3081162,SRR6940488,2018-04-23 13:59:12,2018-04-04 16:59:10,10143289,2048944378,10143289,202,747,,https://sra-downloadb.be-md.ncbi.nlm.nih.gov/sos5/sra-pub-zq-14/SRR006/940/SRR6940488.sralite.1,SRX3884799,,RNA-Seq,cDNA,TRANSCRIPTOMIC,PAIRED,0,0,ILLUMINA,Illumina HiSeq 2500,SRP107337,PRJNA387182,2,387182,SRS3124006,SAMN08864939,simple,9606,Homo sapiens,,,,,,,no,,,,,GEO,SRA562558,,public,167661F2875EB31886F5895DD201C611,A504D9EBB4E031EEEE4DAFF3EFADBF19,https://sra-pub-run-odp.s3.amazonaws.com/sra/SRR6940488/SRR6940488,S947
GSM3081164,SRR6940490,2018-04-23 13:59:12,2018-04-04 17:05:27,13100778,2646357156,13100778,202,962,,https://sra-downloadb.be-md.ncbi.nlm.nih.gov/sos5/sra-pub-zq-14/SRR006/940/SRR6940490.sralite.1,SRX3884801,,RNA-Seq,cDNA,TRANSCRIPTOMIC,PAIRED,0,0,ILLUMINA,Illumina HiSeq 2500,SRP107337,PRJNA387182,2,387182,SRS3124007,SAMN08864937,simple,9606,Homo sapiens,,,,,,,no,,,,,GEO,SRA562558,,public,6D44E8961884763AD3A982682FCCEAD2,F3242161571FD0B819C9A01C1BB564FE,https://sra-pub-run-odp.s3.amazonaws.com/sra/SRR6940490/SRR6940490,S810
GSM3081163,SRR6940489,2018-04-23 13:59:12,2018-04-04 17:02:47,10913420,2204510840,10913420,202,799,,https://sra-downloadb.be-md.ncbi.nlm.nih.gov/sos5/sra-pub-zq-14/SRR006/940/SRR6940489.sralite.1,SRX3884800,,RNA-Seq,cDNA,TRANSCRIPTOMIC,PAIRED,0,0,ILLUMINA,Illumina HiSeq 2500,SRP107337,PRJNA387182,2,387182,SRS3124008,SAMN08864938,simple,9606,Homo sapiens,,,,,,,no,,,,,GEO,SRA562558,,public,E023F96B92E0D54398671B489BB24DBD,FBDA33EEACE48F00220CFA76A4DA6AB3,https://sra-pub-run-odp.s3.amazonaws.com/sra/SRR6940489/SRR6940489,S861
GSM3081165,SRR6940491,2018-04-23 13:59:13,2018-04-04 17:02:41,8458355,1708587710,8458355,202,621,,https://sra-downloadb.be-md.ncbi.nlm.nih.gov/sos5/sra-pub-zq-14/SRR006/940/SRR6940491.sralite.1,SRX3884802,,RNA-Seq,cDNA,TRANSCRIPTOMIC,PAIRED,0,0,ILLUMINA,Illumina HiSeq 2500,SRP107337,PRJNA387182,2,387182,SRS3124009,SAMN08864936,simple,9606,Homo sapiens,,,,,,,no,,,,,GEO,SRA562558,,public,86E9D2E842B812796BBFFF671EDF40A9,D1EF9F8DBD55DED2E0AD269B15065D67,https://sra-pub-run-odp.s3.amazonaws.com/sra/SRR6940491/SRR6940491,S805
GSM3081166,SRR6940492,2018-04-23 13:59:13,2018-04-04 17:05:11,7931060,1602074120,7931060,202,582,,https://sra-downloadb.be-md.ncbi.nlm.nih.gov/sos5/sra-pub-zq-14/SRR006/940/SRR6940492.sralite.1,SRX3884803,,RNA-Seq,cDNA,TRANSCRIPTOMIC,PAIRED,0,0,ILLUMINA,Illumina HiSeq 2500,SRP107337,PRJNA387182,2,387182,SRS3124010,SAMN08864767,simple,9606,Homo sapiens,,,,,,,no,,,,,GEO,SRA562558,,public,7E60A4FC072371C8B3D72FFFE6FA5E76,C2C0CE875DFC8227B9E9E7C0420D0704,https://sra-pub-run-odp.s3.amazonaws.com/sra/SRR6940492/SRR6940492,S755
GSM3081167,SRR6940493,2018-04-23 13:59:13,2018-04-04 16:59:38,7914337,1598696074,7914337,202,579,,https://sra-downloadb.be-md.ncbi.nlm.nih.gov/sos5/sra-pub-zq-14/SRR006/940/SRR6940493.sralite.1,SRX3884804,,RNA-Seq,cDNA,TRANSCRIPTOMIC,PAIRED,0,0,ILLUMINA,Illumina HiSeq 2500,SRP107337,PRJNA387182,2,387182,SRS3124011,SAMN08864766,simple,9606,Homo sapiens,,,,,,,no,,,,,GEO,SRA562558,,public,E7959A898B6797855EBB7F3B846CB80D,FFF4081C6F6C3B781F65AD3F5CA11516,https://sra-pub-run-odp.s3.amazonaws.com/sra/SRR6940493/SRR6940493,S291
GSM3081170,SRR6940496,2018-04-23 13:59:13,2018-04-04 16:59:14,11900665,2403934330,11900665,202,874,,https://sra-downloadb.be-md.ncbi.nlm.nih.gov/sos5/sra-pub-zq-14/SRR006/940/SRR6940496.sralite.1,SRX3884807,,RNA-Seq,cDNA,TRANSCRIPTOMIC,PAIRED,0,0,ILLUMINA,Illumina HiSeq 2500,SRP107337,PRJNA387182,2,387182,SRS3124012,SAMN08864763,simple,9606,Homo sapiens,,,,,,,no,,,,,GEO,SRA562558,,public,3560CE16B77C0254AD3CD5C06ED7FAFD,64F0564DDF68DD50AB9E7534056BDDCE,https://sra-pub-run-odp.s3.amazonaws.com/sra/SRR6940496/SRR6940496,S147
GSM3081168,SRR6940494,2018-04-23 13:59:13,2018-04-04 17:01:17,9617736,1942782672,9617736,202,706,,https://sra-downloadb.be-md.ncbi.nlm.nih.gov/sos5/sra-pub-zq-14/SRR006/940/SRR6940494.sralite.1,SRX3884805,,RNA-Seq,cDNA,TRANSCRIPTOMIC,PAIRED,0,0,ILLUMINA,Illumina HiSeq 2500,SRP107337,PRJNA387182,2,387182,SRS3124013,SAMN08864765,simple,9606,Homo sapiens,,,,,,,no,,,,,GEO,SRA562558,,public,DBFB37D912F7110573AD4E7B26D5DDC0,CE52489BDD7A3FEDAAD14ECE647207AF,https://sra-pub-run-odp.s3.amazonaws.com/sra/SRR6940494/SRR6940494,S262
GSM3081169,SRR6940495,2018-04-23 13:59:13,2018-04-04 17:07:20,11708718,2365161036,11708718,202,861,,https://sra-downloadb.be-md.ncbi.nlm.nih.gov/sos5/sra-pub-zq-14/SRR006/940/SRR6940495.sralite.1,SRX3884806,,RNA-Seq,cDNA,TRANSCRIPTOMIC,PAIRED,0,0,ILLUMINA,Illumina HiSeq 2500,SRP107337,PRJNA387182,2,387182,SRS3124014,SAMN08864764,simple,9606,Homo sapiens,,,,,,,no,,,,,GEO,SRA562558,,public,5C13F7FF01266C6F0D1910E94353FC33,7FCED210657007D397667061858A416B,https://sra-pub-run-odp.s3.amazonaws.com/sra/SRR6940495/SRR6940495,S243
GSM3081171,SRR6940497,2018-04-23 13:59:13,2018-04-04 16:54:59,7048378,359467278,0,51,242,,https://sra-downloadb.be-md.ncbi.nlm.nih.gov/sos5/sra-pub-zq-14/SRR006/940/SRR6940497.sralite.1,SRX3884808,,RNA-Seq,cDNA,TRANSCRIPTOMIC,SINGLE,0,0,ILLUMINA,Illumina HiSeq 2500,SRP107337,PRJNA387182,2,387182,SRS3124015,SAMN08864762,simple,10090,Mus musculus,,,,,,,no,,,,,GEO,SRA562558,,public,6AD3AB1AAF00D7B6FDFC7EF871AAA069,CEAA25B67731BFD96165D62137D08F6C,https://sra-pub-run-odp.s3.amazonaws.com/sra/SRR6940497/SRR6940497,X6_3F
GSM3081173,SRR6940499,2018-04-23 13:59:13,2018-04-04 17:00:46,14130930,720677430,0,51,489,,https://sra-downloadb.be-md.ncbi.nlm.nih.gov/sos5/sra-pub-zq-14/SRR006/940/SRR6940499.sralite.1,SRX3884810,,RNA-Seq,cDNA,TRANSCRIPTOMIC,SINGLE,0,0,ILLUMINA,Illumina HiSeq 2500,SRP107337,PRJNA387182,2,387182,SRS3124016,SAMN08864760,simple,10090,Mus musculus,,,,,,,no,,,,,GEO,SRA562558,,public,E0D1D409AB5A6785DB143815CECB730B,7E7F74AB5E6B9BDF806EEBCBC4BC6068,https://sra-pub-run-odp.s3.amazonaws.com/sra/SRR6940499/SRR6940499,X4_2F
GSM3081172,SRR6940498,2018-04-23 13:59:13,2018-04-04 17:04:11,26912126,1372518426,0,51,930,,https://sra-downloadb.be-md.ncbi.nlm.nih.gov/sos5/sra-pub-zq-14/SRR006/940/SRR6940498.sralite.1,SRX3884809,,RNA-Seq,cDNA,TRANSCRIPTOMIC,SINGLE,0,0,ILLUMINA,Illumina HiSeq 2500,SRP107337,PRJNA387182,2,387182,SRS3124017,SAMN08864761,simple,10090,Mus musculus,,,,,,,no,,,,,GEO,SRA562558,,public,716CB14843D925516C9CE6CA0615984C,2090ED6C8F27F16BA750418CF9B89320,https://sra-pub-run-odp.s3.amazonaws.com/sra/SRR6940498/SRR6940498,X5_3M
GSM3081174,SRR6940500,2018-04-23 13:59:13,2018-04-04 17:02:47,8562422,436683522,0,51,296,,https://sra-downloadb.be-md.ncbi.nlm.nih.gov/sos5/sra-pub-zq-14/SRR006/940/SRR6940500.sralite.1,SRX3884811,,RNA-Seq,cDNA,TRANSCRIPTOMIC,SINGLE,0,0,ILLUMINA,Illumina HiSeq 2500,SRP107337,PRJNA387182,2,387182,SRS3124018,SAMN08864759,simple,10090,Mus musculus,,,,,,,no,,,,,GEO,SRA562558,,public,2836DE03B617F6012477B2B13CC15C7F,E5BB2280DAE74093C61A478F3C0E02CA,https://sra-pub-run-odp.s3.amazonaws.com/sra/SRR6940500/SRR6940500,X3_2M
GSM3081175,SRR6940501,2018-04-23 13:59:13,2018-04-04 17:00:08,8516088,434320488,0,51,290,,https://sra-downloadb.be-md.ncbi.nlm.nih.gov/sos5/sra-pub-zq-14/SRR006/940/SRR6940501.sralite.1,SRX3884812,,RNA-Seq,cDNA,TRANSCRIPTOMIC,SINGLE,0,0,ILLUMINA,Illumina HiSeq 2500,SRP107337,PRJNA387182,2,387182,SRS3124019,SAMN08864758,simple,10090,Mus musculus,,,,,,,no,,,,,GEO,SRA562558,,public,7EF8BD7B441F5795C835045F5DFD2664,AD5E2E6D799EB501E5E9FC6B41EE4559,https://sra-pub-run-odp.s3.amazonaws.com/sra/SRR6940501/SRR6940501,X2_1F
GSM3081176,SRR6940502,2018-04-23 13:59:13,2018-04-04 16:55:32,9848000,502248000,0,51,342,,https://sra-downloadb.be-md.ncbi.nlm.nih.gov/sos5/sra-pub-zq-14/SRR006/940/SRR6940502.sralite.1,SRX3884813,,RNA-Seq,cDNA,TRANSCRIPTOMIC,SINGLE,0,0,ILLUMINA,Illumina HiSeq 2500,SRP107337,PRJNA387182,2,387182,SRS3124020,SAMN08864757,simple,10090,Mus musculus,,,,,,,no,,,,,GEO,SRA562558,,public,687C906BB336C5A53F2BB432AF08D9A4,34D75F5A501AC1E9C879F05AB448EFC8,https://sra-pub-run-odp.s3.amazonaws.com/sra/SRR6940502/SRR6940502,X1_1M
GSM3081126,SRR6940436,2018-04-23 13:58:11,2018-04-04 17:06:48,16290701,4105256652,16290701,252,1398,,https://sra-downloadb.be-md.ncbi.nlm.nih.gov/sos5/sra-pub-zq-14/SRR006/940/SRR6940436.sralite.1,SRX3884743,,RNA-Seq,cDNA,TRANSCRIPTOMIC,PAIRED,0,0,ILLUMINA,Illumina HiSeq 2500,SRP107337,PRJNA387182,2,387182,SRS3123950,SAMN08864863,simple,9606,Homo sapiens,,,,,,,no,,,,,GEO,SRA562558,,public,C639350D140846A57C21F4D0EA3817BE,0A0519D4E720FDDCB0F9A0D6B6AF93AA,https://sra-pub-run-odp.s3.amazonaws.com/sra/SRR6940436/SRR6940436,spm29
GSM3081127,SRR6940437,2018-04-23 13:58:11,2018-04-04 17:03:47,9326211,2350205172,9326211,252,800,,https://sra-downloadb.be-md.ncbi.nlm.nih.gov/sos5/sra-pub-zq-14/SRR006/940/SRR6940437.sralite.1,SRX3884744,,RNA-Seq,cDNA,TRANSCRIPTOMIC,PAIRED,0,0,ILLUMINA,Illumina HiSeq 2500,SRP107337,PRJNA387182,2,387182,SRS3123951,SAMN08864862,simple,9606,Homo sapiens,,,,,,,no,,,,,GEO,SRA562558,,public,0179C3626902F170125081C189455959,85AB79E2B39AB8BA4EAC0B13E550C48A,https://sra-pub-run-odp.s3.amazonaws.com/sra/SRR6940437/SRR6940437,spm27
GSM3081106,SRR6940400,2018-04-23 13:58:11,2018-04-04 16:58:09,16936862,3421246124,16936862,202,1375,,https://sra-downloadb.be-md.ncbi.nlm.nih.gov/sos5/sra-pub-zq-14/SRR006/940/SRR6940400.sralite.1,SRX3884745,,RNA-Seq,cDNA,TRANSCRIPTOMIC,PAIRED,0,0,ILLUMINA,Illumina HiSeq 2500,SRP107337,PRJNA387182,2,387182,SRS3123952,SAMN08864880,simple,9606,Homo sapiens,,,,,,,no,,,,,GEO,SRA562558,,public,2B5428240071BCF9C2911B5CAD512BF5,F3856EF51FC5AB6549470A9A5A2DAC65,https://sra-pub-run-odp.s3.amazonaws.com/sra/SRR6940400/SRR6940400,spm09
GSM3081106,SRR6940401,2018-04-23 13:58:11,2018-04-04 15:09:34,13201124,2666627048,13201124,202,1021,,https://sra-downloadb.be-md.ncbi.nlm.nih.gov/sos5/sra-pub-zq-14/SRR006/940/SRR6940401.sralite.1,SRX3884745,,RNA-Seq,cDNA,TRANSCRIPTOMIC,PAIRED,0,0,ILLUMINA,Illumina HiSeq 2500,SRP107337,PRJNA387182,2,387182,SRS3123952,SAMN08864880,simple,9606,Homo sapiens,,,,,,,no,,,,,GEO,SRA562558,,public,4E0A6E20525C5E4F30954E27E5DAFF02,E231856F0FEA315312362DD383B878BE,https://sra-pub-run-odp.s3.amazonaws.com/sra/SRR6940401/SRR6940401,spm09
GSM3081107,SRR6940402,2018-04-23 13:58:11,2018-04-04 16:59:01,17657765,3566868530,17657765,202,1445,,https://sra-downloadb.be-md.ncbi.nlm.nih.gov/sos5/sra-pub-zq-14/SRR006/940/SRR6940402.sralite.1,SRX3884746,,RNA-Seq,cDNA,TRANSCRIPTOMIC,PAIRED,0,0,ILLUMINA,Illumina HiSeq 2500,SRP107337,PRJNA387182,2,387182,SRS3123953,SAMN08864879,simple,9606,Homo sapiens,,,,,,,no,,,,,GEO,SRA562558,,public,A7C2B5F53C7784CED373267AE2B7A70E,6340D3BE7AF3AB3A7DCAE566405852FB,https://sra-pub-run-odp.s3.amazonaws.com/sra/SRR6940402/SRR6940402,spm08
GSM3081107,SRR6940403,2018-04-23 13:58:11,2018-04-04 15:08:23,13128159,2651888118,13128159,202,1023,,https://sra-downloadb.be-md.ncbi.nlm.nih.gov/sos5/sra-pub-zq-14/SRR006/940/SRR6940403.sralite.1,SRX3884746,,RNA-Seq,cDNA,TRANSCRIPTOMIC,PAIRED,0,0,ILLUMINA,Illumina HiSeq 2500,SRP107337,PRJNA387182,2,387182,SRS3123953,SAMN08864879,simple,9606,Homo sapiens,,,,,,,no,,,,,GEO,SRA562558,,public,44F8DB351A34EC8AD6E08DC3D732D1CD,2B876EFF935054F7F6B20EA8E3622A4A,https://sra-pub-run-odp.s3.amazonaws.com/sra/SRR6940403/SRR6940403,spm08
GSM3081108,SRR6940404,2018-04-23 13:58:11,2018-04-04 17:02:12,19676630,3974679260,19676630,202,1616,,https://sra-downloadb.be-md.ncbi.nlm.nih.gov/sos5/sra-pub-zq-14/SRR006/940/SRR6940404.sralite.1,SRX3884747,,RNA-Seq,cDNA,TRANSCRIPTOMIC,PAIRED,0,0,ILLUMINA,Illumina HiSeq 2500,SRP107337,PRJNA387182,2,387182,SRS3123954,SAMN08864883,simple,9606,Homo sapiens,,,,,,,no,,,,,GEO,SRA562558,,public,ADB92D6A38465D7047BD18CD00D320B6,8973FC599DEC55A084CB106817AC82FD,https://sra-pub-run-odp.s3.amazonaws.com/sra/SRR6940404/SRR6940404,spm06
GSM3081108,SRR6940405,2018-04-23 13:58:11,2018-04-04 15:12:31,15518998,3134837596,15518998,202,1216,,https://sra-downloadb.be-md.ncbi.nlm.nih.gov/sos5/sra-pub-zq-14/SRR006/940/SRR6940405.sralite.1,SRX3884747,,RNA-Seq,cDNA,TRANSCRIPTOMIC,PAIRED,0,0,ILLUMINA,Illumina HiSeq 2500,SRP107337,PRJNA387182,2,387182,SRS3123954,SAMN08864883,simple,9606,Homo sapiens,,,,,,,no,,,,,GEO,SRA562558,,public,783F8F4BF1CA516379E07BAAB9507DC2,509768801B0DF423CDF778673CE8C027,https://sra-pub-run-odp.s3.amazonaws.com/sra/SRR6940405/SRR6940405,spm06
GSM3081109,SRR6940406,2018-04-23 13:58:11,2018-04-04 17:02:36,19469264,3932791328,19469264,202,1585,,https://sra-downloadb.be-md.ncbi.nlm.nih.gov/sos5/sra-pub-zq-14/SRR006/940/SRR6940406.sralite.1,SRX3884748,,RNA-Seq,cDNA,TRANSCRIPTOMIC,PAIRED,0,0,ILLUMINA,Illumina HiSeq 2500,SRP107337,PRJNA387182,2,387182,SRS3123955,SAMN08864882,simple,9606,Homo sapiens,,,,,,,no,,,,,GEO,SRA562558,,public,E01B95013C126F79137258E633F56926,31CA6679E7EE31ED167111BAD7FCE4EF,https://sra-pub-run-odp.s3.amazonaws.com/sra/SRR6940406/SRR6940406,spm05
GSM3081109,SRR6940407,2018-04-23 13:58:11,2018-04-04 15:07:52,15193987,3069185374,15193987,202,1179,,https://sra-downloadb.be-md.ncbi.nlm.nih.gov/sos5/sra-pub-zq-14/SRR006/940/SRR6940407.sralite.1,SRX3884748,,RNA-Seq,cDNA,TRANSCRIPTOMIC,PAIRED,0,0,ILLUMINA,Illumina HiSeq 2500,SRP107337,PRJNA387182,2,387182,SRS3123955,SAMN08864882,simple,9606,Homo sapiens,,,,,,,no,,,,,GEO,SRA562558,,public,57B1CE9DF8F7D409916E1501CEF52391,6BA6B851A2C6F043E79B13055EEF9EF0,https://sra-pub-run-odp.s3.amazonaws.com/sra/SRR6940407/SRR6940407,spm05
GSM3081110,SRR6940408,2018-04-23 13:58:11,2018-04-04 17:06:22,18648116,3766919432,18648116,202,1696,,https://sra-downloadb.be-md.ncbi.nlm.nih.gov/sos5/sra-pub-zq-14/SRR006/940/SRR6940408.sralite.1,SRX3884749,,RNA-Seq,cDNA,TRANSCRIPTOMIC,PAIRED,0,0,ILLUMINA,Illumina HiSeq 2500,SRP107337,PRJNA387182,2,387182,SRS3123956,SAMN08864881,simple,9606,Homo sapiens,,,,,,,no,,,,,GEO,SRA562558,,public,91871D0EFEA10524EF53050ECD0BE741,561BB2767A0F5E62BF7D4BEAC275AC53,https://sra-pub-run-odp.s3.amazonaws.com/sra/SRR6940408/SRR6940408,spm04
GSM3081110,SRR6940409,2018-04-23 13:58:12,2018-04-04 15:07:36,14455254,2919961308,14455254,202,1245,,https://sra-downloadb.be-md.ncbi.nlm.nih.gov/sos5/sra-pub-zq-14/SRR006/940/SRR6940409.sralite.1,SRX3884749,,RNA-Seq,cDNA,TRANSCRIPTOMIC,PAIRED,0,0,ILLUMINA,Illumina HiSeq 2500,SRP107337,PRJNA387182,2,387182,SRS3123956,SAMN08864881,simple,9606,Homo sapiens,,,,,,,no,,,,,GEO,SRA562558,,public,E0DF803D9199B7D2AA9F81ED38782AA3,2262CD4E0AEBBEAE04B9646AD026CAA5,https://sra-pub-run-odp.s3.amazonaws.com/sra/SRR6940409/SRR6940409,spm04
GSM3081111,SRR6940410,2018-04-23 15:20:11,2018-04-23 15:18:03,19983272,4036620944,19983272,202,1659,,https://sra-downloadb.be-md.ncbi.nlm.nih.gov/sos5/sra-pub-zq-14/SRR006/940/SRR6940410.sralite.1,SRX3884750,,RNA-Seq,cDNA,TRANSCRIPTOMIC,PAIRED,0,0,ILLUMINA,Illumina HiSeq 2500,SRP107337,PRJNA387182,2,387182,SRS3123957,SAMN08864871,simple,9606,Homo sapiens,,,,,,,no,,,,,GEO,SRA562558,,public,73B9C41F3A332BEA29BB3C19D82179A4,DB69288FE2490D38E9D5ECF4186304F7,https://sra-pub-run-odp.s3.amazonaws.com/sra/SRR6940410/SRR6940410,spm36
GSM3081111,SRR6940411,2018-04-23 13:58:12,2018-04-04 15:08:05,15390322,3108845044,15390322,202,1213,,https://sra-downloadb.be-md.ncbi.nlm.nih.gov/sos5/sra-pub-zq-14/SRR006/940/SRR6940411.sralite.1,SRX3884750,,RNA-Seq,cDNA,TRANSCRIPTOMIC,PAIRED,0,0,ILLUMINA,Illumina HiSeq 2500,SRP107337,PRJNA387182,2,387182,SRS3123957,SAMN08864871,simple,9606,Homo sapiens,,,,,,,no,,,,,GEO,SRA562558,,public,A866151BFC0E732BFE0A95968B422E80,D736B7B43F06A48345F119260E4345D4,https://sra-pub-run-odp.s3.amazonaws.com/sra/SRR6940411/SRR6940411,spm36
GSM3081112,SRR6940412,2018-04-23 13:58:12,2018-04-04 17:05:09,18076963,3651546526,18076963,202,1510,,https://sra-downloadb.be-md.ncbi.nlm.nih.gov/sos5/sra-pub-zq-14/SRR006/940/SRR6940412.sralite.1,SRX3884751,,RNA-Seq,cDNA,TRANSCRIPTOMIC,PAIRED,0,0,ILLUMINA,Illumina HiSeq 2500,SRP107337,PRJNA387182,2,387182,SRS3123958,SAMN08864878,simple,9606,Homo sapiens,,,,,,,no,,,,,GEO,SRA562558,,public,CF0B359367C00A6E780F3C0BC605BA43,B4AE9DF5A9853D6940DCF9C9B7584C6C,https://sra-pub-run-odp.s3.amazonaws.com/sra/SRR6940412/SRR6940412,spm35
GSM3081112,SRR6940413,2018-04-23 13:58:12,2018-04-04 15:11:10,13624187,2752085774,13624187,202,1078,,https://sra-downloadb.be-md.ncbi.nlm.nih.gov/sos5/sra-pub-zq-14/SRR006/940/SRR6940413.sralite.1,SRX3884751,,RNA-Seq,cDNA,TRANSCRIPTOMIC,PAIRED,0,0,ILLUMINA,Illumina HiSeq 2500,SRP107337,PRJNA387182,2,387182,SRS3123958,SAMN08864878,simple,9606,Homo sapiens,,,,,,,no,,,,,GEO,SRA562558,,public,2CA84BC3C3BB32733BCDBAB8948244EE,28A20990D8F4A2F369D3B4FBBF0F17C5,https://sra-pub-run-odp.s3.amazonaws.com/sra/SRR6940413/SRR6940413,spm35
GSM3081113,SRR6940414,2018-04-23 13:58:12,2018-04-04 17:04:08,15863963,3204520526,15863963,202,1312,,https://sra-downloadb.be-md.ncbi.nlm.nih.gov/sos5/sra-pub-zq-14/SRR006/940/SRR6940414.sralite.1,SRX3884752,,RNA-Seq,cDNA,TRANSCRIPTOMIC,PAIRED,0,0,ILLUMINA,Illumina HiSeq 2500,SRP107337,PRJNA387182,2,387182,SRS3123959,SAMN08864877,simple,9606,Homo sapiens,,,,,,,no,,,,,GEO,SRA562558,,public,55034C8E5455ED57801B37BF09D5EC38,7540F8AE70E679679284E1AE142635B4,https://sra-pub-run-odp.s3.amazonaws.com/sra/SRR6940414/SRR6940414,spm33
GSM3081113,SRR6940415,2018-04-23 13:58:12,2018-04-04 15:06:45,12269805,2478500610,12269805,202,962,,https://sra-downloadb.be-md.ncbi.nlm.nih.gov/sos5/sra-pub-zq-14/SRR006/940/SRR6940415.sralite.1,SRX3884752,,RNA-Seq,cDNA,TRANSCRIPTOMIC,PAIRED,0,0,ILLUMINA,Illumina HiSeq 2500,SRP107337,PRJNA387182,2,387182,SRS3123959,SAMN08864877,simple,9606,Homo sapiens,,,,,,,no,,,,,GEO,SRA562558,,public,E244D2EF69AEDA45E7ADF20D5AE5FC37,F5D54D42B15B92D029AD942873B078C6,https://sra-pub-run-odp.s3.amazonaws.com/sra/SRR6940415/SRR6940415,spm33
GSM3081114,SRR6940416,2018-04-23 13:59:12,2018-04-04 16:59:32,18424490,3721746980,18424490,202,1524,,https://sra-downloadb.be-md.ncbi.nlm.nih.gov/sos5/sra-pub-zq-14/SRR006/940/SRR6940416.sralite.1,SRX3884753,,RNA-Seq,cDNA,TRANSCRIPTOMIC,PAIRED,0,0,ILLUMINA,Illumina HiSeq 2500,SRP107337,PRJNA387182,2,387182,SRS3123960,SAMN08864876,simple,9606,Homo sapiens,,,,,,,no,,,,,GEO,SRA562558,,public,6E78E616A791C6E98771B3A61E3C14F4,501EEABA4128FED5CAF9626F491016C6,https://sra-pub-run-odp.s3.amazonaws.com/sra/SRR6940416/SRR6940416,spm30
GSM3081114,SRR6940417,2018-04-23 13:59:12,2018-04-04 15:09:57,14225238,2873498076,14225238,202,1120,,https://sra-downloadb.be-md.ncbi.nlm.nih.gov/sos5/sra-pub-zq-14/SRR006/940/SRR6940417.sralite.1,SRX3884753,,RNA-Seq,cDNA,TRANSCRIPTOMIC,PAIRED,0,0,ILLUMINA,Illumina HiSeq 2500,SRP107337,PRJNA387182,2,387182,SRS3123960,SAMN08864876,simple,9606,Homo sapiens,,,,,,,no,,,,,GEO,SRA562558,,public,B4D537B212EE764CC1DB83CB0BD2B445,1CEA7A51A9C314F8AF9AA8A4578777A9,https://sra-pub-run-odp.s3.amazonaws.com/sra/SRR6940417/SRR6940417,spm30
